0,44,807,54691.36,MARGARET
1,28,807,53761.82,MARY
2,46,802,65081.94,JOAN
3,63,812,62540.48,JOYCE
4,60,804,54259.9,DOROTHY
5,51,803,60781.72,KATHLEEN
6,38,806,65256.32,DORIS
7,64,806,97897.12,IRENE
8,30,812,69682.68,ELIZABETH
9,38,802,74530.47,EILEEN
10,23,801,69103.45,BETTY
11,40,812,66146.41,JEAN
12,40,806,88801.6,MARJORIE
13,38,808,56681.7,GLADYS
14,30,803,72835.89,DOREEN
15,25,808,98354.74,VERA
16,55,808,81487.76,ELSIE
17,54,812,88173.31,BARBARA
18,24,807,56851.84,WINIFRED
19,21,810,55217.59,EDNA
20,63,801,82894.56,AUDREY
21,62,811,99265.23,EDITH
22,54,805,90053.03,FLORENCE
23,53,801,87153.1,PHYLLIS
24,47,808,62961.05,LILIAN
25,43,801,81971.85,HILDA
26,22,809,57589.59,OLIVE
27,18,805,66863.74,ANNIE
28,34,805,89852.44,VIOLET
29,53,812,95573.02,ALICE
30,44,807,85775.34,PATRICIA
31,46,801,98812.72,IVY
32,26,804,82305.5,MURIEL
33,57,807,83765.8,IRIS
34,30,804,63710.14,EVELYN
35,55,808,55466.51,PEGGY
36,20,802,59412.38,CATHERINE
37,34,811,52625.52,ETHEL
38,22,809,72294.94,BERYL
39,65,803,65496.9,GWENDOLINE
40,36,807,99741.42,ELLEN
41,41,805,78993.84,SYLVIA
42,20,808,82717.13,SHEILA
43,63,805,91094.38,ROSE
44,29,811,50310.96,CONSTANCE
45,49,802,74475.16,FRANCES
46,38,808,72949.14,LILY
47,59,801,88064.01,FREDA
48,56,801,64152.26,MARION
49,58,801,54405.6,NANCY
50,44,806,63152.43,GRACE
51,59,812,55944.11,BEATRICE
52,65,803,51212.98,SARAH
53,46,810,98831.21,AGNES
54,40,808,70376.05,RUTH
55,21,801,69135.47,MAY
56,26,806,63063.28,NORA
57,62,804,80952.36,BRENDA
58,45,808,57533.76,JESSIE
59,57,812,84132.3,PAMELA
60,22,807,99091.99,ANNE
61,38,806,71125.05,HELEN
62,26,811,99481.28,MARIE
63,43,801,71843.33,MABEL
64,26,807,81492.07,EVA
65,27,802,84958.81,MARIA
66,41,802,64156.77,RUBY
67,45,803,75279.15,NELLIE
68,64,802,91596.32,HAZEL
69,36,808,71460.32,EMILY
70,32,809,71347.33,JOSEPHINE
71,24,810,60001.92,DAPHNE
72,47,806,88213.73,JANE
73,39,807,74030.29,ADA
74,36,804,86712.55,PAULINE
75,23,808,74514.64,ANN
76,31,810,63204.86,ENID
77,21,805,68215.09,GERTRUDE
78,42,808,60119.95,RITA
79,27,810,83870.84,JUNE
80,55,809,78282.24,STELLA
81,51,807,99115.43,NORAH
82,23,802,94151.68,MAVIS
83,43,805,86127.59,THELMA
84,33,806,80803.45,MILDRED
85,56,804,70967.3,BRIDGET
86,63,808,87953.12,MONICA
87,33,810,71073.88,DAISY
88,48,806,77510.96,ELEANOR
89,65,808,93176.57,LILLIAN
90,22,811,58911.26,ALMA
91,51,811,69641.17,LUCY
92,23,802,93902.93,DORA
93,47,810,68633.98,CHRISTINE
94,25,803,79102.93,MAUREEN
95,44,809,72615.89,JANET
96,39,811,98874.47,ROSEMARY
97,26,807,60520.68,HANNAH
98,42,804,86678.17,SYBIL
99,61,803,87771.7,AMY
100,35,805,99413.23,MARGARET
101,36,805,50551.27,JEAN
102,23,804,70074.09,MARY
103,62,810,88025.98,JOAN
104,54,811,75329.83,PATRICIA
105,37,802,63883.45,SHEILA
106,19,801,95014.85,BARBARA
107,31,803,74730.34,DOREEN
108,45,810,97547.07,JUNE
109,54,805,79995.23,SHIRLEY
110,57,801,93744.23,DOROTHY
111,51,811,79918.3,JOYCE
112,62,812,71968.87,MAUREEN
113,42,812,76863.73,ELIZABETH
114,36,809,73799.94,AUDREY
115,44,801,65727.32,BRENDA
116,63,810,97724.6,KATHLEEN
117,56,802,53737.07,SYLVIA
118,41,801,70820.31,EILEEN
119,22,806,59203.8,PAMELA
120,61,810,98627.39,BETTY
121,28,811,68335.98,BERYL
122,39,802,82471.48,ANN
123,44,808,60678.83,IRENE
124,25,807,53949.1,JANET
125,32,804,62754.69,ANNE
126,62,803,79816.58,RITA
127,59,805,94054.83,PAULINE
128,58,812,70273.28,MAVIS
129,41,808,76194.12,IRIS
130,23,801,80783.4,MARJORIE
131,34,801,99563.16,VALERIE
132,26,802,72430.76,DORIS
133,61,802,55386.34,MARION
134,30,802,57016.94,MARINA
135,52,810,64371.41,CATHERINE
136,24,802,75613,VERA
137,39,802,84051.37,JOSEPHINE
138,60,807,93189.53,EDNA
139,53,804,75348.99,LILIAN
140,36,809,52050.57,NORMA
141,60,805,77383.61,ROSEMARY
142,40,807,96243.98,PHYLLIS
143,40,805,99208.95,HAZEL
144,64,811,89414.21,EVELYN
145,25,809,53441.67,EDITH
146,50,811,68498.9,OLIVE
147,45,804,52715.22,WINIFRED
148,56,804,54418.55,FLORENCE
149,23,812,92283.74,RUTH
150,27,810,76601.14,ELSIE
151,62,802,57112.8,MURIEL
152,19,802,56263.1,MARIE
153,36,810,62492.85,DAPHNE
154,56,811,70255.08,FRANCES
155,29,807,82681.24,CHRISTINE
156,20,810,86219.12,THELMA
157,55,802,55204.3,GLADYS
158,41,802,71557.36,MARIA
159,53,811,91103.63,GWENDOLINE
160,26,806,53546.36,HILDA
161,34,804,81784.75,VIOLET
162,22,808,69554.5,HELEN
163,28,810,54398.22,ROSE
164,27,807,81193.51,CYNTHIA
165,42,810,92858.3,ALICE
166,38,801,69426.25,GILLIAN
167,62,805,80070.65,ENID
168,58,809,95272.74,ANNIE
169,27,808,73996.43,YVONNE
170,24,802,89442.31,FREDA
171,38,805,56784.74,ELLEN
172,51,803,50027.42,IVY
173,24,803,57750.87,JANE
174,52,807,90966.19,PEGGY
175,56,801,59641.96,SARAH
176,25,806,89693.75,MARLENE
177,25,805,92190.56,NANCY
178,24,811,57693.07,BRIDGET
179,50,810,69070.43,DIANA
180,34,802,75721.73,GRACE
181,26,809,93924.94,TERESA
182,38,804,86651.45,VERONICA
183,44,810,76288.24,AGNES
184,38,805,79923.97,ANGELA
185,42,808,64665.8,CONSTANCE
186,31,805,86537.46,JENNIFER
187,25,807,95929.49,MARIAN
188,24,812,71646.81,JILL
189,60,811,97857.98,WENDY
190,34,803,86439.35,ETHEL
191,27,805,62955.85,JOY
192,24,811,64622.04,JACQUELINE
193,21,810,96821.54,GLORIA
194,52,810,69769.65,LILY
195,65,809,71649.49,MOLLY
196,21,802,75840.05,HEATHER
197,37,808,93222.52,MAY
198,19,810,76036.2,MONICA
199,42,805,73485.3,JUDITH
200,50,802,92345.94,MARGARET
201,26,801,97212.76,MARY
202,57,808,81864.94,JOAN
203,47,808,76451.09,JOYCE
204,60,806,86495.31,DOROTHY
205,25,811,82581.5,KATHLEEN
206,37,806,70001.36,DORIS
207,21,809,54423.83,IRENE
208,62,803,54199.31,ELIZABETH
209,18,809,77809.33,EILEEN
210,62,807,86054.08,BETTY
211,24,805,59673.25,JEAN
212,53,806,78168.73,MARJORIE
213,31,806,67686.29,GLADYS
214,18,806,87054.45,DOREEN
215,44,803,64269.85,VERA
216,50,802,67291.68,ELSIE
217,22,809,90664.86,BARBARA
218,50,812,86824.05,WINIFRED
219,29,809,88946.06,EDNA
220,41,805,83383.4,AUDREY
221,35,801,51260.43,EDITH
222,40,806,91383.21,FLORENCE
223,60,809,95025.43,PHYLLIS
224,24,808,69615.32,LILIAN
225,52,803,82860.65,HILDA
226,56,801,72996.8,OLIVE
227,49,801,94476.13,ANNIE
228,62,808,71582.67,VIOLET
229,55,809,60730.56,ALICE
230,41,811,64448.1,PATRICIA
231,38,810,87642.29,IVY
232,48,802,60987.03,MURIEL
233,31,805,82730.85,IRIS
234,42,804,97226.64,EVELYN
235,47,805,62092.19,PEGGY
236,60,804,80639.06,CATHERINE
237,35,807,86319.27,ETHEL
238,22,812,53450.51,BERYL
239,65,807,53133.29,GWENDOLINE
240,49,807,75305.59,ELLEN
241,45,811,65889.75,SYLVIA
242,27,804,93065.1,SHEILA
243,32,810,85214.72,ROSE
244,38,805,59941.83,CONSTANCE
245,62,802,62191.91,FRANCES
246,48,801,74125.65,LILY
247,45,810,70852.72,FREDA
248,38,806,59960.31,MARION
249,62,812,96750.21,NANCY
250,33,807,97704.48,GRACE
251,55,805,91524.08,BEATRICE
252,39,807,81745.41,SARAH
253,56,804,87180.5,AGNES
254,62,803,77273.3,RUTH
255,27,802,50666.05,JUNE
256,26,801,84696.74,NORA
257,38,802,99435.03,BRENDA
258,61,812,72998.07,JESSIE
259,29,808,80030.94,PAMELA
260,61,807,94578.34,ANNE
261,49,804,95557.11,HELEN
262,56,809,94110.01,MARIE
263,51,802,90087.32,MABEL
264,29,808,77581.6,EVA
265,55,801,78384.54,MARIA
266,50,806,79963.46,RUBY
267,56,812,57642.91,NELLIE
268,38,801,72024.5,HAZEL
269,25,806,92970.47,EMILY
270,22,801,75219.3,JOSEPHINE
271,38,803,57168.33,DAPHNE
272,48,803,80761.27,JANE
273,25,806,75977.93,ADA
274,65,809,73924.15,PAULINE
275,56,801,85971.56,ANN
276,46,809,78802.42,ENID
277,43,803,51041.31,GERTRUDE
278,32,805,65220.16,RITA
279,60,803,51085.86,JULY
280,65,809,83869.84,STELLA
281,51,811,63123.13,NORAH
282,33,806,86236.28,MAVIS
283,58,811,88832.04,THELMA
284,44,811,83861.55,MILDRED
285,39,804,58315.78,BRIDGET
286,64,811,56364.28,MONICA
287,35,810,90070.48,DAISY
288,35,812,73153.59,ELEANOR
289,18,804,59663.1,LILLIAN
290,35,802,95514.94,ALMA
291,27,808,55074.86,LUCY
292,40,808,65562.24,DORA
293,53,809,90330.5,CHRISTINE
294,51,802,54437.27,MAUREEN
295,61,809,74477.08,JANET
296,46,803,72299.07,REBECCA
297,22,807,66497.83,LAUREN
298,38,804,59448.28,JESSICA
299,36,812,62386.75,CHARLOTTE
300,59,809,99598.55,HANNAH
301,37,811,71302.97,SOPHIE
302,62,802,53289.86,AMY
303,30,811,83009.56,EMILY
304,55,808,76378.98,LAURA
305,47,809,77858.92,EMMA
306,45,804,97764.7,CHLOE
307,43,812,87976.14,SARAH
308,59,805,71899.72,LUCY
309,57,801,82019.93,KATIE
310,23,803,62337.5,BETHANY
311,41,811,50874.09,JADE
312,32,801,51106.5,MEGAN
313,49,804,51986.5,ALICE
314,20,809,92396.06,RACHEL
315,19,804,84961.01,SAMANTHA
316,56,803,81765.33,DANIELLE
317,54,809,76862.25,HOLLY
318,41,802,90639.51,ABIGAIL
319,24,811,77731.72,OLIVIA
320,54,810,92545.33,STEPHANIE
321,61,808,85677.03,ELIZABETH
322,61,806,51305.22,VICTORIA
323,26,812,66145.94,NATASHA
324,33,812,83422.72,GEORGIA
325,42,806,88364.32,ZOE
326,57,801,89188.52,NATALIE
327,46,810,88985.3,ELEANOR
328,28,806,52079.88,SHANNON
329,32,801,79194.48,PAIGE
330,25,805,61720.35,GEORGINA
331,62,810,59786.92,GEMMA
332,45,806,80087.78,NICOLE
333,55,808,85420.99,CHELSEA
334,34,802,73872.87,KIRSTY
335,30,809,91936.06,ALEXANDRA
336,28,803,89680.27,MELISSA
337,21,809,63718.38,JENNIFER
338,54,810,91190.2,HAYLEY
339,55,811,72879.82,LOUISE
340,36,805,58550.01,KATHERINE
341,34,805,54588.58,JODIE
342,51,811,58449.62,GRACE
343,40,805,67692.52,ANNA
344,50,804,82648.59,MOLLY
345,53,801,53528.1,AMBER
346,59,801,74629.46,JASMINE
347,35,812,67383.23,KAYLEIGH
348,36,802,62712.9,KELLY
349,55,804,51049.08,HARRIET
350,65,801,95585.96,ASHLEIGH
351,23,804,53543.06,CATHERINE
352,42,809,61360.86,LEAH
353,45,805,84990.96,NICOLA
354,27,809,69462.27,FRANCESCA
355,61,804,70265.55,NAOMI
356,51,809,78516.18,KATE
357,35,811,92530.77,ABBIE
358,56,804,59085.3,CLAIRE
359,44,802,70419.33,LEANNE
360,62,811,96485.04,RACHAEL
361,49,806,50166.84,ROSIE
362,43,807,84160.83,AIMEE
363,37,808,59989.6,ELLIE
364,24,804,93805.07,SIAN
365,39,808,71875.47,KIMBERLEY
366,56,801,51597.67,LYDIA
367,40,812,59222.05,HOLLIE
368,28,809,86308.13,STACEY
369,23,807,72072.17,BETHAN
370,53,804,80812.64,AMELIA
371,57,808,53467.46,BETH
372,30,810,93205.01,KATHRYN
373,50,809,81757.75,HEATHER
374,18,807,70421.66,LISA
375,29,812,55849.08,HELEN
376,22,807,84718.32,ELLA
377,40,801,57494.47,ROBYN
378,48,806,80181.25,CHANTELLE
379,53,801,90281.88,ELLEN
380,27,807,54400.95,DAISY
381,50,804,75476.52,DEMI
382,60,804,58740.54,COURTNEY
383,39,809,72504.23,GABRIELLE
384,30,801,86446.02,YASMIN
385,22,801,74145.84,LILY
386,20,809,79481.75,RHIANNON
387,21,803,92788.78,MARIA
388,18,801,51084.5,KERRY
389,29,811,71746.44,IMOGEN
390,24,811,82473.92,REBEKAH
391,47,802,86346.04,JORDAN
392,21,811,95158.61,JOANNA
393,58,801,74267.67,CAITLIN
394,23,801,81876.54,JEMMA
395,63,803,50598.34,MOLLY
396,36,805,89856.15,HEATHER
397,44,802,64552.96,JUNE
398,62,811,66297.16,MONICA
399,19,811,53341.66,JUDITH
400,58,810,88124.07,MARGARET
401,57,805,96202.89,MARY
402,43,806,84855.75,JOAN
403,64,802,83100,JOYCE
404,19,806,84056.64,DOROTHY
405,35,809,72013.26,KATHLEEN
406,18,811,79925.49,DORIS
407,54,802,97501.49,IRENE
408,60,808,61297.75,ELIZABETH
409,35,803,54736.46,EILEEN
410,48,801,50002.41,BETTY
411,19,803,86062.92,JEAN
412,61,803,84462.61,MARJORIE
413,57,812,58604.82,GLADYS
414,63,803,86601.38,DOREEN
415,54,809,88287.54,VERA
416,53,803,92185.26,ELSIE
417,38,810,70673.21,BARBARA
418,43,804,65117.51,WINIFRED
419,28,806,58154.11,EDNA
420,29,809,55476.77,AUDREY
421,19,807,88249.1,EDITH
422,18,806,98698.02,FLORENCE
423,41,801,60153.58,PHYLLIS
424,37,812,99119.89,LILIAN
425,35,806,86804.42,HILDA
426,18,807,74112.27,OLIVE
427,41,809,75937,ANNIE
428,37,810,54643.01,VIOLET
429,64,807,59985.03,ALICE
430,42,808,59981.53,PATRICIA
431,36,804,73115.49,IVY
432,30,812,60471.3,MURIEL
433,58,809,80957.8,IRIS
434,37,809,68507.82,EVELYN
435,23,806,88116.61,PEGGY
436,63,806,92000.7,CATHERINE
437,35,801,92314.24,ETHEL
438,34,805,79543.06,BERYL
439,29,808,65794.84,GWENDOLINE
440,37,812,70551.14,ELLEN
441,30,812,70258.96,SYLVIA
442,30,810,98230.93,SHEILA
443,22,808,56621.8,ROSE
444,25,811,57540.27,CONSTANCE
445,49,809,65897.22,FRANCES
446,26,812,68223.86,LILY
447,65,811,59723.3,FREDA
448,23,808,90147.27,MARION
449,29,808,65486.22,NANCY
450,45,811,82932.11,GRACE
451,18,809,79359.51,BEATRICE
452,54,803,68218.1,SARAH
453,62,808,51860.38,AGNES
454,63,803,85014.12,RUTH
455,43,805,57791.21,JULY
456,23,806,80544.5,NORA
457,25,803,88383.91,BRENDA
458,33,804,90550.54,JESSIE
459,25,805,97906.92,PAMELA
460,34,809,91808.48,ANNE
461,39,803,67135.89,HELEN
462,47,806,68343.85,MARIE
463,48,811,76964.57,MABEL
464,65,803,54988.77,EVA
465,41,808,75194.46,MARIA
466,26,806,70682.39,RUBY
467,50,803,96639.14,NELLIE
468,24,801,83968.61,HAZEL
469,51,806,93685.83,EMILY
470,48,810,50864.09,JOSEPHINE
471,47,803,61915.13,DAPHNE
472,22,807,63406.01,JANE
473,47,808,75233.56,ADA
474,42,801,89871.31,PAULINE
475,63,807,67260.13,ANN
476,18,812,82682.7,ENID
477,58,808,85126.45,GERTRUDE
478,27,801,60978.18,RITA
479,43,802,96302.12,AUGUST
480,25,812,55917.19,STELLA
481,47,808,71519.88,NORAH
482,46,802,99732.56,MAVIS
483,43,812,68187.33,THELMA
484,47,806,57973.01,MILDRED
485,43,801,85098.39,BRIDGET
486,43,802,55412.96,MONICA
487,22,809,51515.3,DAISY
488,34,801,86747.12,ELEANOR
489,58,803,52926.58,LILLIAN
490,20,812,62020.33,ALMA
491,34,806,51800.08,LUCY
492,35,810,62316.83,DORA
493,31,803,93189.88,CHRISTINE
494,18,808,85482.1,MAUREEN
495,64,804,61431.86,JANET
496,38,812,79623.1,ROSEMARY
497,39,812,90940.8,HANNAH
498,32,804,92849.15,SYBIL
499,38,802,93572.76,AMY
500,32,806,85919.87,MARGARET
501,42,805,65677.52,JEAN
502,35,809,72651.03,MARY
503,65,811,94671.98,JOAN
504,40,803,96536.53,PATRICIA
505,61,805,87673.04,SHEILA
506,45,804,97543.94,BARBARA
507,39,806,70273.18,DOREEN
508,40,801,84665.6,AUGUST
509,21,811,98845.71,SHIRLEY
510,64,806,96423.4,DOROTHY
511,21,805,78626.29,JOYCE
512,30,812,66470.54,MAUREEN
513,43,806,90189.54,ELIZABETH
514,22,804,84073.56,AUDREY
515,22,808,88787.31,BRENDA
516,24,803,76296.06,KATHLEEN
517,23,801,77513.07,SYLVIA
518,58,805,96148.61,EILEEN
519,58,802,91295.4,PAMELA
520,31,804,64940.98,BETTY
521,20,812,70476.33,BERYL
522,33,801,52558.27,ANN
523,41,804,77593.67,IRENE
524,63,809,51040.48,JANET
525,41,811,74450.33,ANNE
526,24,804,95658.45,RITA
527,57,801,80897.24,PAULINE
528,54,803,91336.32,MAVIS
529,51,809,91897.84,IRIS
530,30,803,94137.36,MARJORIE
531,46,807,76348.05,VALERIE
532,28,811,70560.45,DORIS
533,38,810,93270.83,MARION
534,29,808,72327.38,MARINA
535,31,812,70341.51,CATHERINE
536,38,811,51740.09,VERA
537,65,807,96074.87,JOSEPHINE
538,26,807,74745.18,EDNA
539,33,805,86993.68,LILIAN
540,58,812,91526.36,NORMA
541,27,811,78154.7,ROSEMARY
542,62,805,68988.33,PHYLLIS
543,24,810,97437.06,HAZEL
544,24,812,89847.29,EVELYN
545,49,803,75365.1,EDITH
546,48,802,92455.31,OLIVE
547,36,802,88596.11,WINIFRED
548,52,810,71392.54,FLORENCE
549,45,807,85251.62,RUTH
550,27,801,78404.61,ELSIE
551,31,812,94182.04,MURIEL
552,55,811,67971.27,MARIE
553,32,807,80879.46,DAPHNE
554,32,803,66984.57,FRANCES
555,46,802,67146.66,CHRISTINE
556,30,810,65256.82,THELMA
557,19,806,92248.68,GLADYS
558,31,808,95687.82,MARIA
559,35,808,92162.27,GWENDOLINE
560,37,809,77133.69,HILDA
561,51,808,67170.57,VIOLET
562,43,806,87130.71,HELEN
563,33,807,91771.34,ROSE
564,33,801,68948.16,CYNTHIA
565,59,811,70088.79,ALICE
566,26,801,52878.76,GILLIAN
567,44,811,53910.06,ENID
568,47,802,84141.21,ANNIE
569,27,804,99548.11,YVONNE
570,18,804,88079.6,FREDA
571,36,811,70780.47,ELLEN
572,36,811,64901.55,IVY
573,61,802,58159.64,JANE
574,18,806,53727.75,PEGGY
575,51,801,63971.22,SARAH
576,32,804,68054.39,MARLENE
577,44,811,93393.3,NANCY
578,36,806,76675.54,BRIDGET
579,20,808,55687.29,DIANA
580,28,808,78277.01,GRACE
581,57,804,96743.86,TERESA
582,56,804,63630.21,VERONICA
583,18,806,58033.39,AGNES
584,44,812,55032.78,ANGELA
585,29,810,90353.14,CONSTANCE
586,62,810,71864.54,JENNIFER
587,57,808,56009.79,MARIAN
588,62,810,91767.83,JILL
589,31,806,66667.79,WENDY
590,28,810,80574.99,ETHEL
591,28,812,64563.92,JOY
592,65,806,50897.06,JACQUELINE
593,51,802,93840.08,GLORIA
594,48,805,72460.28,LILY
595,32,810,94033,MOLLY
596,63,804,80886.57,HEATHER
597,54,804,62009.04,JULY
598,26,802,76803.78,MONICA
599,27,810,70719.39,JUDITH
600,45,804,56663.95,MARGARET
601,40,801,77206.43,MARY
602,34,812,61494.45,JOAN
603,42,810,75551.83,JOYCE
604,58,812,79339.06,DOROTHY
605,64,807,74892.88,KATHLEEN
606,44,811,91947.01,DORIS
607,49,801,75016.49,IRENE
608,35,810,73234.28,ELIZABETH
609,49,812,92190.19,EILEEN
610,23,812,97498.6,BETTY
611,40,805,50914.09,JEAN
612,38,801,56438.05,MARJORIE
613,37,805,84702.22,GLADYS
614,37,803,67081.12,DOREEN
615,58,801,72488.77,VERA
616,52,802,88541.79,ELSIE
617,62,806,56850.83,BARBARA
618,63,802,85518.1,WINIFRED
619,54,805,91637.69,EDNA
620,19,809,76442.39,AUDREY
621,30,803,52900.45,EDITH
622,57,806,63306.75,FLORENCE
623,19,810,60084.16,PHYLLIS
624,23,812,76981.04,LILIAN
625,61,804,75084.53,HILDA
626,44,802,58100.42,OLIVE
627,33,801,64169.78,ANNIE
628,45,806,88835.19,VIOLET
629,22,809,99446.26,ALICE
630,62,802,67019.88,PATRICIA
631,21,808,88276.49,IVY
632,25,812,69109.74,MURIEL
633,41,801,83153.1,IRIS
634,45,811,54090.7,EVELYN
635,20,809,63506.58,PEGGY
636,24,803,64916.21,CATHERINE
637,44,808,81526.86,ETHEL
638,39,807,89166.28,BERYL
639,23,812,74803.11,GWENDOLINE
640,46,807,68503.65,ELLEN
641,38,809,55603.63,SYLVIA
642,37,802,69165.41,SHEILA
643,50,809,80345.54,ROSE
644,38,809,99743.23,CONSTANCE
645,33,806,92544.22,FRANCES
646,36,803,99453.2,LILY
647,40,805,80675.78,FREDA
648,29,812,59642.59,MARION
649,58,812,52462.53,NANCY
650,46,809,88397.95,GRACE
651,28,804,59713.44,BEATRICE
652,40,801,57765.71,SARAH
653,53,809,63298.17,AGNES
654,48,806,72098.93,RUTH
655,61,805,85975.07,AUGUST
656,33,805,67862.79,NORA
657,43,812,51149.49,BRENDA
658,43,812,56730.37,JESSIE
659,38,804,83208.77,PAMELA
660,53,811,77987.22,ANNE
661,59,803,73589.87,HELEN
662,41,803,99270.64,MARIE
663,20,811,88889.01,MABEL
664,26,810,97236.62,EVA
665,49,811,99608.55,MARIA
666,27,807,96227.13,RUBY
667,60,809,93079.82,NELLIE
668,45,806,82245.11,HAZEL
669,43,804,80029.75,EMILY
670,26,806,64636.19,JOSEPHINE
671,58,802,63587.84,DAPHNE
672,61,801,73453.22,JANE
673,46,806,89150.76,ADA
674,44,804,94516.76,PAULINE
675,37,809,75995.47,ANN
676,44,808,51809.92,ENID
677,31,810,79920.33,GERTRUDE
678,41,810,91585.5,RITA
679,20,811,85914.99,SEPTEMBER
680,43,812,50551.62,STELLA
681,51,806,91187.87,NORAH
682,21,804,93467.47,MAVIS
683,18,809,61944.78,THELMA
684,39,804,77844.63,MILDRED
685,59,812,98614.24,BRIDGET
686,25,811,62698.96,MONICA
687,53,807,92270.73,DAISY
688,27,804,57341.65,ELEANOR
689,59,807,80188.02,LILLIAN
690,24,806,97768.32,ALMA
691,38,809,71793.46,LUCY
692,27,808,69190.96,DORA
693,55,804,75687.24,CHRISTINE
694,55,801,67493.06,MAUREEN
695,47,810,69283.09,JANET
696,19,812,68987.27,ROSEMARY
697,32,812,85637.94,HANNAH
698,61,801,87505.42,SYBIL
699,24,811,57564.04,AMY
700,43,811,66789.8,MARGARET
701,19,804,64935.44,JEAN
702,47,802,52834.95,MARY
703,63,809,93197.66,JOAN
704,64,807,70066.63,PATRICIA
705,61,810,76911.21,SHEILA
706,63,802,76416.9,BARBARA
707,60,810,91557.22,DOREEN
708,63,805,94560.47,SEPTEMBER
709,37,811,67789.28,SHIRLEY
710,26,811,61502.02,DOROTHY
711,21,801,57001.88,JOYCE
712,25,812,68823.24,MAUREEN
713,49,810,64750.94,ELIZABETH
714,43,802,61398.71,AUDREY
715,25,811,53217.97,BRENDA
716,53,810,95244.5,KATHLEEN
717,53,812,79532.32,SYLVIA
718,51,812,60667.14,EILEEN
719,29,806,77604.59,PAMELA
720,45,809,59380.63,BETTY
721,56,812,81420.73,BERYL
722,47,809,56754.71,ANN
723,19,804,76212.38,IRENE
724,59,810,99297.9,JANET
725,26,808,87899.94,ANNE
726,52,811,57302.68,RITA
727,39,811,60984.11,PAULINE
728,43,806,51896.4,MAVIS
729,47,812,93255.68,IRIS
730,23,810,78119.31,MARJORIE
731,34,804,71437.65,VALERIE
732,32,801,68083.88,DORIS
733,53,810,77524.15,MARION
734,65,806,84322.58,MARINA
735,52,810,77457.42,CATHERINE
736,20,808,50242.09,VERA
737,48,805,50987.61,JOSEPHINE
738,26,809,54946.09,EDNA
739,44,806,64267.39,LILIAN
740,55,807,71762.87,NORMA
741,20,801,82528.48,ROSEMARY
742,18,806,92569.12,PHYLLIS
743,38,804,74330.7,HAZEL
744,29,809,77148,EVELYN
745,44,803,87352.04,EDITH
746,57,810,88997.71,OLIVE
747,54,803,82292.99,WINIFRED
748,43,801,69039.88,FLORENCE
749,62,811,90811.72,RUTH
750,56,805,98824.63,ELSIE
751,57,810,65534.45,MURIEL
752,39,804,85687.2,MARIE
753,34,804,92463.59,DAPHNE
754,34,812,78148.76,FRANCES
755,24,810,98420.06,CHRISTINE
756,44,809,92416.77,THELMA
757,43,803,62050.37,GLADYS
758,57,810,72458.62,MARIA
759,56,802,67997.56,GWENDOLINE
760,33,803,68601.71,HILDA
761,30,809,89645.48,VIOLET
762,52,812,52218.17,HELEN
763,19,804,96631.64,ROSE
764,65,804,92869.76,CYNTHIA
765,63,803,61769.65,ALICE
766,24,808,71224.66,GILLIAN
767,40,809,98009.54,ENID
768,21,811,68360.37,ANNIE
769,51,810,77222.55,YVONNE
770,55,812,90198.73,FREDA
771,52,811,57398.7,ELLEN
772,50,802,82616.25,IVY
773,28,810,76579.04,JANE
774,22,808,95220.16,PEGGY
775,43,809,78563.47,SARAH
776,42,810,77462.32,MARLENE
777,64,804,71638.55,NANCY
778,37,804,58502.49,BRIDGET
779,24,802,60836.44,DIANA
780,33,806,54709.95,GRACE
781,20,805,98268.5,TERESA
782,57,808,93758.31,VERONICA
783,59,801,73552.48,AGNES
784,58,805,81784.7,ANGELA
785,59,811,86303.47,CONSTANCE
786,21,806,82240.8,JENNIFER
787,31,811,60007.34,MARIAN
788,60,806,96622.06,JILL
789,36,804,71505.51,WENDY
790,36,805,95172.56,ETHEL
791,27,809,60684.78,JOY
792,57,807,92879.94,JACQUELINE
793,41,806,61148.56,GLORIA
794,23,806,75068.13,LILY
795,33,809,97470.8,MOLLY
796,56,803,95636.48,HEATHER
797,35,802,54456.55,AUGUST
798,65,803,86511.71,MONICA
799,45,801,60077.22,JUDITH
800,23,803,94148.12,MARGARET
801,56,810,67866.36,MARY
802,22,801,71727.24,JOAN
803,52,804,64892.14,JOYCE
804,19,806,57376.19,DOROTHY
805,62,801,71623.52,KATHLEEN
806,58,804,55259.21,DORIS
807,27,806,88163.51,IRENE
808,23,802,58807.19,ELIZABETH
809,54,808,59213.42,EILEEN
810,30,801,83558.54,BETTY
811,18,802,78362.9,JEAN
812,56,804,97432.87,MARJORIE
813,33,812,79126.44,GLADYS
814,55,808,55499.19,DOREEN
815,52,805,58418.82,VERA
816,44,801,94410.39,ELSIE
817,52,801,67869.01,BARBARA
818,25,810,78100.47,WINIFRED
819,42,801,87788.82,EDNA
820,34,807,62082.22,AUDREY
821,25,803,97239.94,EDITH
822,49,801,68094.42,FLORENCE
823,65,807,60102.39,PHYLLIS
824,23,802,78471.79,LILIAN
825,56,812,98756.58,HILDA
826,34,808,68462.41,OLIVE
827,47,802,82122.59,ANNIE
828,56,803,91043.46,VIOLET
829,51,803,92926.91,ALICE
830,47,812,74367.63,PATRICIA
831,49,807,83907.99,IVY
832,65,811,78269.11,MURIEL
833,64,801,81443.93,IRIS
834,49,807,96387.05,EVELYN
835,38,810,90015.84,PEGGY
836,54,804,97911.54,CATHERINE
837,65,806,68207.35,ETHEL
838,24,801,99559.11,BERYL
839,52,809,58975.08,GWENDOLINE
840,43,804,76599.96,ELLEN
841,20,807,89410.51,SYLVIA
842,20,810,85249.24,SHEILA
843,38,808,86572.94,ROSE
844,42,804,71092.01,CONSTANCE
845,39,812,99522.3,FRANCES
846,59,808,86798.79,LILY
847,54,804,79320.36,FREDA
848,41,812,51613.87,MARION
849,58,803,62987.21,NANCY
850,59,802,54746.91,GRACE
851,47,805,63574.93,BEATRICE
852,32,807,78420.7,SARAH
853,53,810,52103.53,AGNES
854,54,805,54923.12,RUTH
855,49,805,61202,SEPTEMBER
856,25,812,93976.96,NORA
857,59,807,82288.03,BRENDA
858,36,807,99384.68,JESSIE
859,59,804,54229.35,PAMELA
860,44,804,96315.3,ANNE
861,19,811,60620.26,HELEN
862,59,808,91130.35,MARIE
863,41,811,69633.82,MABEL
864,65,811,77121.89,EVA
865,22,811,59646.27,MARIA
866,50,808,55394.64,RUBY
867,49,809,50296.22,NELLIE
868,51,807,66602.22,HAZEL
869,18,810,71959.34,EMILY
870,44,808,81068.77,JOSEPHINE
871,23,812,63377.19,DAPHNE
872,57,801,87122.66,JANE
873,40,808,71374.27,ADA
874,63,805,83605.15,PAULINE
875,37,801,66879.26,ANN
876,33,807,92338.12,ENID
877,45,808,58065.17,GERTRUDE
878,32,809,91732.54,RITA
879,41,809,64717.48,OCTOBER
880,38,810,90880.53,STELLA
881,46,806,88126.35,NORAH
882,20,803,61826.88,MAVIS
883,43,811,54235.86,THELMA
884,22,812,71324.38,MILDRED
885,44,809,57774.07,BRIDGET
886,34,805,76333.63,MONICA
887,33,803,86527.54,DAISY
888,31,805,82833.1,ELEANOR
889,20,805,84237.83,LILLIAN
890,24,809,57638.98,ALMA
891,55,805,68136.4,LUCY
892,45,803,50919.32,DORA
893,53,802,61213.02,CHRISTINE
894,45,809,58361.67,MAUREEN
895,36,807,98121.89,JANET
896,41,807,96636.91,ROSEMARY
897,24,801,50000.89,HANNAH
898,22,802,55979.53,SYBIL
899,43,801,54446.83,AMY
900,19,810,70238.05,MARGARET
901,58,812,55654.62,JEAN
902,20,808,66390.6,MARY
903,47,802,60906.33,JOAN
904,63,811,69853.76,PATRICIA
905,57,809,98960.58,SHEILA
906,52,802,63833.13,BARBARA
907,34,812,70904.19,DOREEN
908,30,806,53058.4,OCTOBER
909,47,809,97294.44,SHIRLEY
910,38,805,64446.94,DOROTHY
911,39,812,83766.41,JOYCE
912,47,809,75709.2,MAUREEN
913,55,811,78063.76,ELIZABETH
914,24,809,78587.4,AUDREY
915,31,805,82136.8,BRENDA
916,32,810,98017.82,KATHLEEN
917,59,803,61163.15,SYLVIA
918,24,801,94192.93,EILEEN
919,19,807,52193.88,PAMELA
920,48,804,78169.18,BETTY
921,26,809,72229.54,BERYL
922,45,807,56767.74,ANN
923,29,808,51621.68,IRENE
924,37,805,59217,JANET
925,36,805,67388.91,ANNE
926,22,809,82229.51,RITA
927,55,801,91844.77,PAULINE
928,58,803,50761.32,MAVIS
929,35,804,93302.77,IRIS
930,64,811,89106.12,MARJORIE
931,24,804,73626.52,VALERIE
932,42,804,68339.4,DORIS
933,58,811,81854.18,MARION
934,27,802,61218.98,MARINA
935,54,803,51252.42,CATHERINE
936,41,804,62769.31,VERA
937,26,811,65909.57,JOSEPHINE
938,34,805,90134.46,EDNA
939,20,801,83744.47,LILIAN
940,57,812,82245.24,NORMA
941,38,809,59928.32,ROSEMARY
942,34,802,55352.52,PHYLLIS
943,34,806,56438.9,HAZEL
944,29,806,88027.98,EVELYN
945,49,804,90667.84,EDITH
946,37,812,93733.86,OLIVE
947,49,810,87382.85,WINIFRED
948,42,812,96347.37,FLORENCE
949,63,811,50688.99,RUTH
950,55,809,91559.74,ELSIE
951,56,806,89167.09,MURIEL
952,53,801,98789.17,MARIE
953,58,809,92630.69,DAPHNE
954,46,809,52680.71,FRANCES
955,63,802,66158.41,CHRISTINE
956,40,810,77013.25,THELMA
957,54,810,79707.73,GLADYS
958,52,806,74946.67,MARIA
959,27,803,94441.69,GWENDOLINE
960,35,808,59209.52,HILDA
961,49,812,83038.38,VIOLET
962,58,802,53993.89,HELEN
963,32,812,86895.88,HANNAH
964,64,804,97634.82,LILLIAN
965,21,803,53101.92,ANN
966,32,804,52835.97,LOUISA
967,33,801,60328.17,BESSIE
968,49,803,64311.93,JEAN
969,19,803,72997.48,CLARA
970,60,806,94224.55,MARIE
971,30,811,86468.02,DOREEN
972,30,811,86300.66,EMMA
973,49,802,88114.13,MILDRED
974,44,810,98906.1,ISABELLA
975,36,804,62479.09,SYLVIA
976,35,805,71845.89,ESTHER
977,51,810,71685.08,MARTHA
978,24,809,84698.18,BERTHA
979,27,811,53605.55,AUDREY
980,22,806,99454.88,LAURA
981,54,802,80825.47,MARGERY
982,42,806,66007.29,ROSINA
983,25,802,93120.79,MARIA
984,64,809,81803.98,JANET
985,30,804,95467.74,BRIDGET
986,36,803,52398.39,BERYL
987,20,801,55194.19,ENID
988,25,807,83067.94,JOSEPHINE
989,65,802,96476.88,CHARLOTTE
990,20,812,85263.82,KATE
991,59,810,93945.25,AMELIA
992,31,802,57264.65,PATRICIA
993,30,806,82891.7,MILLICENT
994,20,811,78428.14,LILY
995,45,804,55352.51,MOLLY
996,33,810,94752.84,HEATHER
997,52,809,81804.79,SEPTEMBER
998,39,803,61799.75,MONICA
999,27,801,59899.72,JUDITH
1000,33,808,79536.31,MARGARET